{
    "loss": 0.15315447747707367,
    "accuracy": 0.9655172228813171
}