{
    "loss": 1.305297613143921,
    "accuracy": 0.9655172228813171
}